<?xml version="1.0" encoding="UTF-8"?>
<project-private xmlns="http://www.netbeans.org/ns/project-private/1">
    <editor-bookmarks xmlns="http://www.netbeans.org/ns/editor-bookmarks/2" lastBookmarkId="0"/>
    <open-files xmlns="http://www.netbeans.org/ns/projectui-open-files/2">
        <group>
            <file>file:/C:/Users/MRuser/Documents/NetBeansProjects/InheritanceEg/src/java/hibernate.cfg.xml</file>
            <file>file:/C:/Users/MRuser/Documents/NetBeansProjects/InheritanceEg/web/index.html</file>
            <file>file:/C:/Users/MRuser/Documents/NetBeansProjects/InheritanceEg/src/java/Vehicle.java</file>
            <file>file:/C:/Users/MRuser/Documents/NetBeansProjects/InheritanceEg/src/java/TwoWheeler.java</file>
            <file>file:/C:/Users/MRuser/Documents/NetBeansProjects/InheritanceEg/src/java/FourWheeler.java</file>
            <file>file:/C:/Users/MRuser/Documents/NetBeansProjects/InheritanceEg/src/java/MainVehicle.java</file>
        </group>
    </open-files>
</project-private>
